,0,1,2,3,4,5,6,7,8,9,10,11,12,13
0,-0.42597547,0.29078084,-1.2885481,0.0,-0.14421763,0.413672,-0.12281294,0.14021364,-0.9828428,-0.66660815,-1.4590002,0.44105175,-1.0833658,24.0
1,-0.42357105,-0.48789483,-0.59309036,0.0,-0.74026215,0.19427484,0.3702916,0.5571599,-0.8678825,-0.9873294,-0.30309463,0.44105175,-0.49747553,21.6
2,-0.42357332,-0.48789483,-0.59309036,0.0,-0.74026215,1.282714,-0.27038428,0.5571599,-0.8678825,-0.9873294,-0.30309463,0.39642674,-1.2171628,34.7
3,-0.4229914,-0.48789483,-1.3075416,0.0,-0.8352839,1.0163031,-0.82107747,1.0777366,-0.7529221,-1.1061151,0.11303225,0.4161628,-1.3706775,33.4
4,-0.41878968,-0.48789483,-1.3075416,0.0,-0.8352839,1.2285768,-0.518736,1.0777366,-0.7529221,-1.1061151,0.11303225,0.44105175,-0.7200012,36.2
5,-0.4232801,-0.48789483,-1.3075416,0.0,-0.8352839,0.20709652,-0.35676745,1.0777366,-0.7529221,-1.1061151,0.11303225,0.41057086,-1.0509728,28.7
6,-0.4165857,0.05285217,-0.47620678,0.0,-0.2651542,-0.38841042,-0.07242266,0.83924395,-0.52300143,-0.57751894,-1.5052366,0.42679822,-0.03411522,22.9
7,-0.41014105,0.05285217,-0.47620678,0.0,-0.2651542,-0.16046526,0.9893714,1.0246378,-0.52300143,-0.57751894,-1.5052366,0.44105175,0.91232276,27.1
8,-0.40250164,0.05285217,-0.47620678,0.0,-0.2651542,-0.93120545,1.1297443,1.0871964,-0.52300143,-0.57751894,-1.5052366,0.32844794,2.430567,16.5
9,-0.40722117,0.05285217,-0.47620678,0.0,-0.2651542,-0.39980754,0.62224275,1.3296348,-0.52300143,-0.57751894,-1.5052366,0.32932493,0.6236029,18.9
10,-0.400938,0.05285217,-0.47620678,0.0,-0.2651542,0.13158965,0.92458415,1.2129792,-0.52300143,-0.57751894,-1.5052366,0.3930278,1.0954136,15.0
11,-0.41324311,0.05285217,-0.47620678,0.0,-0.2651542,-0.39268476,0.5142637,1.1559347,-0.52300143,-0.57751894,-1.5052366,0.44105175,0.084189564,18.9
12,-0.41595683,0.05285217,-0.47620678,0.0,-0.2651542,-0.56364363,-1.06583,0.78714347,-0.52300143,-0.57751894,-1.5052366,0.37087995,0.42783666,21.7
13,-0.35455963,-0.48789483,-0.4367585,0.0,-0.14421763,-0.4781642,-0.24518913,0.433754,-0.63796175,-0.6012761,1.1764655,0.44105175,-0.6214139,20.4
14,-0.35362032,-0.48789483,-0.4367585,0.0,-0.14421763,-0.26873896,0.57185245,0.31700346,-0.63796175,-0.6012761,1.1764655,0.25597334,-0.33973587,18.2
15,-0.35483113,-0.48789483,-0.4367585,0.0,-0.14421763,-0.6419996,-0.4359521,0.3344494,-0.63796175,-0.6012761,1.1764655,0.4270174,-0.59183764,19.9
16,-0.30597043,-0.48789483,-0.4367585,0.0,-0.14421763,-0.49810934,-1.4149623,0.3344494,-0.63796175,-0.6012761,1.1764655,0.3308601,-0.8580234,23.1
17,-0.33686835,-0.48789483,-0.4367585,0.0,-0.14421763,-0.41975337,0.47107187,0.22002816,-0.63796175,-0.6012761,1.1764655,0.3297636,0.2813641,17.5
18,-0.334748,-0.48789483,-0.4367585,0.0,-0.14421763,-1.180521,-1.1522132,0.0006927147,-0.63796175,-0.6012761,1.1764655,-0.7421122,-0.13833618,20.2
19,-0.34355813,-0.48789483,-0.4367585,0.0,-0.14421763,-0.79443794,0.03195715,0.0006927147,-0.63796175,-0.6012761,1.1764655,0.37581402,-0.19608015,18.2
20,-0.28330532,-0.48789483,-0.4367585,0.0,-0.14421763,-1.0181094,1.0613575,0.0013582286,-0.63796175,-0.6012761,1.1764655,0.2181465,1.1756918,13.6
21,-0.32909718,-0.48789483,-0.4367585,0.0,-0.14421763,-0.4553693,0.74101955,0.10327739,-0.63796175,-0.6012761,1.1764655,0.39313757,0.16305932,19.6
22,-0.28551844,-0.48789483,-0.4367585,0.0,-0.14421763,-0.20320463,0.83100206,0.08644937,-0.63796175,-0.6012761,1.1764655,0.44105175,0.85176194,15.2
23,-0.31347355,-0.48789483,-0.4367585,0.0,-0.14421763,-0.6719173,1.1297443,0.14268552,-0.63796175,-0.6012761,1.1764655,0.41517603,1.0151352,14.5
24,-0.34075624,-0.48789483,-0.4367585,0.0,-0.14421763,-0.51378083,0.9173854,0.28738788,-0.63796175,-0.6012761,1.1764655,0.4128733,0.51093155,15.6
25,-0.33041453,-0.48789483,-0.4367585,0.0,-0.14421763,-0.9767946,0.61504394,0.3135331,-0.63796175,-0.6012761,1.1764655,-0.5838963,0.5405079,13.9
26,-0.3497313,-0.48789483,-0.4367585,0.0,-0.14421763,-0.6719173,0.78061205,0.42163217,-0.63796175,-0.6012761,1.1764655,0.22154543,0.30108163,16.6
27,-0.3172148,-0.48789483,-0.4367585,0.0,-0.14421763,-0.3385476,0.7266225,0.31296277,-0.63796175,-0.6012761,1.1764655,-0.55144185,0.648954,14.8
28,-0.33815247,-0.48789483,-0.4367585,0.0,-0.14421763,0.29969943,0.9281834,0.3135807,-0.63796175,-0.6012761,1.1764655,0.3428112,0.017995194,18.4
29,-0.31186754,-0.48789483,-0.4367585,0.0,-0.14421763,0.5547132,0.672633,0.21104349,-0.63796175,-0.6012761,1.1764655,0.2582761,-0.09749288,21.0
30,-0.29716372,-0.48789483,-0.4367585,0.0,-0.14421763,-0.81438375,0.9173854,0.20819126,-0.63796175,-0.6012761,1.1764655,0.038331088,1.3982174,12.7
31,-0.27151453,-0.48789483,-0.4367585,0.0,-0.14421763,-0.30293098,1.1297443,0.18062003,-0.63796175,-0.6012761,1.1764655,0.21990085,0.051796522,14.5
32,-0.26770344,-0.48789483,-0.4367585,0.0,-0.14421763,-0.47673965,0.4818699,0.09267666,-0.63796175,-0.6012761,1.1764655,-1.3603922,2.1179044,13.2
33,-0.29476845,-0.48789483,-0.4367585,0.0,-0.14421763,-0.8314791,0.94977915,-0.0037282151,-0.63796175,-0.6012761,1.1764655,0.022980718,0.7996517,13.1
34,-0.24194886,-0.48789483,-0.4367585,0.0,-0.14421763,-0.26873896,1.018166,-0.016753336,-0.63796175,-0.6012761,1.1764655,-1.1881423,1.0799212,13.5
35,-0.41934872,-0.48789483,-0.7552664,0.0,-0.48111227,-0.50095844,-0.014833884,-0.20666325,-0.52300143,-0.767576,0.34421346,0.44105175,-0.38874778,18.9
36,-0.41553757,-0.48789483,-0.30380338,0.0,-0.48111227,-0.63202703,-0.25958624,-0.19829684,-0.52300143,-0.767576,0.34421346,0.2290011,-0.17777106,20.0
37,-0.4175193,-0.48789483,-0.7552664,0.0,-0.48111227,-0.61920536,-0.9758474,0.06615108,-0.52300143,-0.767576,0.34421346,0.44105175,-0.54958594,21.0
38,-0.40664724,-0.48789483,-0.7552664,0.0,-0.48111227,-0.4539447,-1.3825685,0.024841506,-0.52300143,-0.767576,0.34421346,0.40300542,-0.35804495,24.7
39,-0.4235344,2.7565873,-1.1950412,0.0,-1.0944338,0.44216514,-1.6849099,0.7634701,-0.7529221,-0.9279366,-0.07191342,0.42712715,-1.1763195,30.8
40,-0.42285165,2.7565873,-1.1950412,0.0,-1.0944338,1.0533442,-1.900868,0.7634701,-0.7529221,-0.9279366,-0.07191342,0.4270174,-1.5058827,34.9
41,-0.41210103,-0.48789483,-0.6164672,0.0,-0.9216671,0.6914807,-2.3651779,0.91549313,-0.7529221,-1.040783,-0.2568582,0.3150714,-1.1030833,26.6
42,-0.41049045,-0.48789483,-0.6164672,0.0,-0.9216671,-0.16473892,-2.232004,0.91549313,-0.7529221,-1.040783,-0.2568582,0.29270402,-0.96646947,25.3
43,-0.40844455,-0.48789483,-0.6164672,0.0,-0.9216671,-0.10490353,-2.235603,0.91549313,-0.7529221,-1.040783,-0.2568582,0.4142987,-0.7369019,24.7
44,-0.41264516,-0.48789483,-0.6164672,0.0,-0.9216671,-0.30720532,-1.0298369,0.91549313,-0.7529221,-1.040783,-0.2568582,0.35870966,-0.43973157,21.2
45,-0.40706307,-0.48789483,-0.6164672,0.0,-0.9216671,-0.8585477,-1.2529937,0.62052655,-0.7529221,-1.040783,-0.2568582,0.44105175,-0.34677783,19.3
46,-0.40512258,-0.48789483,-0.6164672,0.0,-0.9216671,-0.7103837,-1.2709901,0.62052655,-0.7529221,-1.040783,-0.2568582,0.44105175,0.20812777,20.0
47,-0.40043628,-0.48789483,-0.6164672,0.0,-0.9216671,-0.36276639,0.6078455,0.9005191,-0.7529221,-1.040783,-0.2568582,0.39543998,0.86302906,16.6
48,-0.39761832,-0.48789483,-0.6164672,0.0,-0.9216671,-1.261726,0.9605772,0.98637056,-0.7529221,-1.040783,-0.2568582,0.44105175,2.5545056,14.4
49,-0.4015245,-0.48789483,-0.6164672,0.0,-0.9216671,-0.97252023,-0.2379905,1.0898584,-0.7529221,-1.040783,-0.2568582,0.44105175,0.49684787,19.4
50,-0.4165353,0.42056012,-0.8020199,0.0,-0.99941206,-0.45821908,-0.8246767,1.4354519,-0.63796175,-0.9813902,-0.76545703,0.42635956,0.10954049,19.7
51,-0.42173135,0.42056012,-0.72487664,0.0,-0.99941206,-0.24167103,-0.20199747,1.4354519,-0.63796175,-0.9813902,-0.76545703,0.40892628,-0.45663223,20.5
52,-0.4205595,0.42056012,-0.8020199,0.0,-0.99941206,0.32249433,-1.7101051,1.4354519,-0.63796175,-0.9813902,-0.76545703,0.44105175,-1.0411141,25.0
53,-0.4206603,0.42056012,-0.8020199,0.0,-0.99941206,-0.40835556,-1.6993071,1.4354519,-0.63796175,-0.9813902,-0.76545703,0.44105175,-0.59747124,23.4
54,-0.4243454,3.189185,-1.5179322,0.0,-1.2499237,0.14013766,-1.1846069,2.563455,-0.8678825,-0.5656404,-0.5342758,0.44105175,-0.972103,24.7
55,-0.409007,0.59359914,-0.8765332,0.0,-0.8784755,-0.19893098,-1.4185615,1.9108685,-0.17812037,-0.7378796,0.5753947,0.37285343,-0.8185885,23.3
56,-0.4148686,0.59359914,-0.8765332,0.0,-0.8784755,-0.50950646,-0.77068716,1.4912127,-0.17812037,-0.7378796,0.5753947,0.44105175,-0.4862084,19.6
57,-0.40959463,0.59359914,-0.8765332,0.0,-0.8784755,-0.7744928,-0.086819924,1.6306859,-0.17812037,-0.7378796,0.5753947,0.42142546,0.067288764,18.7
58,-0.40702984,0.59359914,-0.8765332,0.0,-0.8784755,-0.4539447,0.8921904,1.4372582,-0.17812037,-0.7378796,0.5753947,0.23470245,0.24897106,16.0
59,-0.41406786,0.59359914,-0.8765332,0.0,-0.8784755,0.24413767,-0.029230872,1.6307335,-0.17812037,-0.7378796,0.5753947,0.44105175,-0.83689755,22.2
60,-0.41220874,0.59359914,-0.8765332,0.0,-0.8784755,0.6800836,-0.90746063,1.9898272,-0.17812037,-0.7378796,0.5753947,0.42657873,-0.44677353,25.0
61,-0.42446455,0.26915097,-1.4244252,0.0,-1.19723,1.1673168,-0.32797304,2.580236,-0.7529221,-1.1417508,0.06679583,0.40092218,-0.65099007,33.0
62,-0.42259392,2.972886,-1.1336772,0.0,-1.3535837,0.0076445024,-1.828882,1.3388567,-0.63796175,-0.42309758,-1.0891103,0.44105175,-1.1270258,23.5
63,-0.42168322,2.972886,-1.1336772,0.0,-1.3535837,-0.7089585,-1.3501749,1.3388567,-0.63796175,-0.42309758,-1.0891103,0.44105175,-0.3425527,19.4
64,-0.4200681,0.05285217,-0.7391949,0.0,-1.258562,-0.5793151,-1.6993071,1.2849025,-0.63796175,-0.37558332,0.20550421,0.43348634,-0.6439481,22.0
65,-0.41117316,0.05285217,-0.7391949,0.0,-1.258562,-0.9839181,-1.1450146,1.2849025,-0.63796175,-0.37558332,0.20550421,0.44105175,0.058838498,17.4
66,-0.41201857,0.05285217,-0.7391949,0.0,-1.258562,-0.56934184,-1.2817881,1.2849025,-0.63796175,-0.37558332,0.20550421,0.44105175,-0.5467692,20.9
67,-0.41658917,-0.48789483,-0.046659358,0.0,-1.2240088,0.18857594,-2.232004,0.70937306,-0.63796175,-0.61315465,0.34421346,0.29665136,-0.838306,24.2
68,-0.40851328,-0.48789483,-0.046659358,0.0,-1.2240088,-0.46106818,-1.8396798,0.70937306,-0.63796175,-0.61315465,0.34421346,0.22220325,-0.3932547,21.7
69,-0.41620198,-0.48789483,-0.046659358,0.0,-1.2240088,-0.31290355,-2.1888123,0.70937306,-0.63796175,-0.61315465,0.34421346,0.37537536,-1.0073128,22.8
70,-0.4043173,-0.48789483,-0.046659358,0.0,-1.2240088,-0.056465246,-2.246401,0.70937306,-0.63796175,-0.61315465,0.34421346,0.22472519,-0.8766141,23.4
71,-0.41765448,-0.48789483,0.24847174,0.0,-1.0166887,-0.016574977,-0.97368777,0.21698575,-0.52300143,-0.060801342,0.11303225,0.41934255,-0.82985556,24.1
72,-0.41580334,-0.48789483,0.24847174,0.0,-1.0166887,0.0019456017,-0.8498718,0.33635098,-0.52300143,-0.060801342,0.11303225,0.29116917,-0.5256434,21.4
73,-0.41506904,-0.48789483,0.24847174,0.0,-1.0166887,-0.008026965,0.21192224,0.122244544,-0.52300143,-0.060801342,0.11303225,0.18624018,-0.09890117,20.0
74,-0.41672546,-0.48789483,0.24847174,0.0,-1.0166887,-0.20605443,-0.82107747,0.1404512,-0.52300143,-0.060801342,0.11303225,0.332066,-0.33832744,20.8
75,-0.42023188,-0.48789483,0.24847174,0.0,-1.0166887,-0.074985825,-0.53673255,0.5795022,-0.52300143,-0.060801342,0.11303225,0.325926,-0.046790753,21.2
76,-0.41709203,-0.48789483,0.24847174,0.0,-1.0166887,-0.58501333,-1.1522132,0.33635098,-0.52300143,-0.060801342,0.11303225,0.43184173,-0.17410925,20.3
77,-0.42198795,0.59359914,-0.9159814,0.0,-1.1117104,0.6302207,-1.2637916,0.7632799,-0.63796175,-0.7556974,0.25174063,0.44105175,-1.0397058,28.0
78,-0.42158815,0.59359914,-0.9159814,0.0,-1.1117104,0.4763572,0.064350925,0.7632799,-0.63796175,-0.7556974,0.25174063,0.42712715,-0.76788646,23.9
79,-0.422508,0.59359914,-0.9159814,0.0,-1.1117104,0.024740526,-1.3105824,0.7632799,-0.63796175,-0.7556974,0.25174063,0.44105175,-0.838306,24.8
80,-0.4226317,0.59359914,-0.9159814,0.0,-1.1117104,-0.16758871,-0.78868365,0.7632799,-0.63796175,-0.7556974,0.25174063,0.3724151,-0.7270431,22.9
81,-0.42090428,-0.48789483,-0.97004014,0.0,-0.91302884,0.14868568,-0.74189276,0.467933,-0.7529221,-0.957633,0.020559415,0.44105175,-0.42987287,23.9
82,-0.42012993,-0.48789483,-0.97004014,0.0,-0.91302884,0.49202865,-0.45034936,0.30549932,-0.7529221,-0.957633,0.020559415,0.39061564,-0.86506534,26.6
83,-0.42075655,-0.48789483,-0.97004014,0.0,-0.91302884,-0.38413677,-0.8462726,0.30050796,-0.7529221,-0.957633,0.020559415,0.43107417,0.026445458,22.5
84,-0.41850787,-0.48789483,-0.97004014,0.0,-0.91302884,-0.23312302,-0.42515424,-0.022552783,-0.7529221,-0.957633,0.020559415,0.42186415,-0.3977616,22.2
85,-0.42021585,-0.48789483,-1.127833,0.0,-0.56749576,1.0291247,0.63664,-0.17747562,-0.8678825,-0.82102954,-0.30309463,0.44105175,-1.0101296,23.6
86,-0.42062593,-0.48789483,-1.127833,0.0,-0.56749576,1.1317002,-0.19839823,-0.18089828,-0.8678825,-0.82102954,-0.30309463,0.43184173,-0.9819618,28.7
87,-0.42133388,-0.48789483,-1.127833,0.0,-0.56749576,0.18857594,-0.09041917,-0.33406225,-0.8678825,-0.82102954,-0.30309463,0.3893,-0.5439524,22.6
88,-0.4221953,-0.48789483,-1.127833,0.0,-0.56749576,0.1714806,0.1903265,-0.33415732,-0.8678825,-0.82102954,-0.30309463,0.4043211,-0.6298643,22.0
89,-0.42188483,-0.003385527,0.5713628,0.0,-0.783454,0.22419254,-0.5403319,-0.061390482,-0.63796175,-0.82102954,-0.11814895,0.4203293,-0.6354978,22.9
90,-0.4234061,0.7233785,0.5713628,0.0,-0.783454,-0.10490353,-1.4293594,-0.061390482,-0.63796175,-0.82102954,-0.11814895,0.434802,-0.91013384,25.0
91,-0.42178062,0.7233785,0.5713628,0.0,-0.783454,-0.050766345,0.3127028,-0.085586764,-0.63796175,-0.82102954,-0.11814895,0.44105175,-0.293259,20.6
92,-0.4127196,-0.48789483,-1.2038074,0.0,-0.94758224,0.4849052,-0.3891612,-0.14253603,-0.8678825,-0.78539383,-0.21062179,0.014319115,-0.8481647,28.4
93,-0.41352147,-0.48789483,-1.2038074,0.0,-0.94758224,-0.17328694,0.0355564,-0.14253603,-0.8678825,-0.78539383,-0.21062179,0.38546237,-0.18762976,21.4
94,-0.41285822,-0.48789483,-1.2038074,0.0,-0.94758224,2.5421126,0.2659118,-0.14253603,-0.8678825,-0.78539383,-0.21062179,0.44105175,-1.1918118,38.7
95,-0.41732112,-0.48789483,-1.2038074,0.0,-0.94758224,2.1873724,-1.1414152,-0.14253603,-0.8678825,-0.78539383,-0.21062179,0.40410194,-1.2819488,43.8
96,-0.41884124,-0.48789483,-1.2038074,0.0,-0.94758224,1.61181,-0.21999398,-0.14253603,-0.8678825,-0.78539383,-0.21062179,0.44105175,-0.91295063,33.2
97,-0.40967026,-0.48789483,-0.37539458,0.0,-0.29970762,0.6302207,0.4062846,-0.48356575,-0.52300143,-0.1439513,1.130229,0.4175882,-0.45804065,27.5
98,-0.41360393,-0.48789483,-0.37539458,0.0,-0.29970762,0.7071521,0.096744694,-0.44634435,-0.52300143,-0.1439513,1.130229,0.42657873,-0.7045089,26.5
99,-0.4004947,-0.48789483,-0.37539458,0.0,-0.29970762,0.1714806,0.6042462,-0.5135616,-0.52300143,-0.1439513,1.130229,-3.1344254,-0.28762546,18.6
100,-0.40245923,-0.48789483,-0.37539458,0.0,-0.29970762,-0.21032809,0.6265617,-0.5135616,-0.52300143,-0.1439513,1.130229,0.41440845,0.108132064,19.3
101,-0.41070807,-0.48789483,-0.37539458,0.0,-0.29970762,-0.16758871,0.7698141,-0.6531775,-0.52300143,-0.1439513,1.130229,0.39489192,-0.048199173,20.1
102,-0.41150764,-0.48789483,-0.37539458,0.0,-0.29970762,-0.6177808,1.0109671,-0.80249095,-0.52300143,-0.1439513,1.130229,0.40980327,0.5348742,19.5
103,-0.40708825,-0.48789483,-0.37539458,0.0,-0.29970762,-0.6391505,0.83820087,-0.753005,-0.52300143,-0.1439513,1.130229,0.4275658,0.84331167,19.5
104,-0.41167375,-0.48789483,-0.37539458,0.0,-0.29970762,-0.22457501,0.59704745,-0.7951227,-0.52300143,-0.1439513,1.130229,0.34007013,0.1996775,20.4
105,-0.4120346,-0.48789483,-0.37539458,0.0,-0.29970762,0.2697817,1.0253644,-0.64752066,-0.52300143,-0.1439513,1.130229,0.42285088,-0.05664944,19.8
106,-0.39650032,-0.48789483,-0.37539458,0.0,-0.29970762,-0.07925949,0.81300557,-0.5941842,-0.52300143,-0.1439513,1.130229,0.37888405,0.40530244,19.4
107,-0.41433594,-0.48789483,-0.37539458,0.0,-0.29970762,-0.12769777,-0.5115374,-0.48356575,-0.52300143,-0.1439513,1.130229,0.40366328,0.046162967,21.7
108,-0.41514808,-0.48789483,-0.16354302,0.0,-0.06647263,0.61312467,0.46747264,-0.53124535,-0.40804106,0.14113428,-0.30309463,0.4266885,-0.35381982,22.8
109,-0.4125764,-0.48789483,-0.16354302,0.0,-0.06647263,-0.5294516,0.87419385,-0.68531245,-0.40804106,0.14113428,-0.30309463,0.41967148,0.49825603,18.8
110,-0.4012553,-0.48789483,-0.16354302,0.0,-0.06647263,-0.27443784,0.9641764,-0.59280556,-0.40804106,0.14113428,-0.30309463,0.44105175,0.62219447,18.7
111,-0.41039768,-0.48789483,-0.16354302,0.0,-0.06647263,-0.043642886,0.5610544,-0.73137575,-0.40804106,0.14113428,-0.30309463,0.35158256,-0.3129765,18.5
112,-0.30956346,-0.48789483,-0.16354302,0.0,-0.06647263,-0.5080819,0.7050265,-0.63316447,-0.40804106,0.14113428,-0.30309463,-0.12898514,0.43487865,18.3
113,-0.41162682,-0.48789483,-0.16354302,0.0,-0.06647263,-0.15476637,0.13993621,-0.50624096,-0.40804106,0.14113428,-0.30309463,0.40158,-0.28706214,21.2
114,-0.4094045,-0.48789483,-0.16354302,0.0,-0.06647263,-0.37558874,0.50346565,-0.498017,-0.40804106,0.14113428,-0.30309463,0.41484714,-0.3341023,19.2
115,-0.41174135,-0.48789483,-0.16354302,0.0,-0.06647263,-0.58786243,0.16153197,-0.62631917,-0.40804106,0.14113428,-0.30309463,-0.19784129,0.3799514,20.4
116,-0.41011703,-0.48789483,-0.16354302,0.0,-0.06647263,-0.7887397,-0.12281294,-0.49240762,-0.40804106,0.14113428,-0.30309463,0.38184428,0.13207471,19.3
117,-0.41879654,-0.48789483,2.121532,0.0,0.2272304,-0.59071225,0.039155643,-0.7308053,-0.8678825,-1.3080508,0.29797703,0.356078,0.23911238,22.0
118,-0.41849184,-0.48789483,2.121532,0.0,0.2272304,-0.39980754,0.5574552,-0.75947,-0.8678825,-1.3080508,0.29797703,0.23020737,0.22502856,20.3
119,-0.41604733,-0.48789483,2.121532,0.0,0.2272304,-0.46106818,0.87419385,-0.8119983,-0.8678825,-1.3080508,0.29797703,0.2348122,0.74049926,20.5
120,-0.40947324,-0.48789483,2.121532,0.0,0.2272304,-0.6106574,1.0217652,-0.87973845,-0.8678825,-1.3080508,0.29797703,0.1495095,1.7939749,17.3
121,-0.41541728,-0.48789483,2.121532,0.0,0.2272304,-0.57788986,0.9785737,-0.8503131,-0.8678825,-1.3080508,0.29797703,0.24895632,0.69120556,18.8
122,-0.407338,-0.48789483,2.121532,0.0,0.2272304,-0.42545158,0.71222526,-0.856683,-0.8678825,-1.3080508,0.29797703,0.31079513,0.30108163,21.4
123,-0.382328,-0.48789483,2.121532,0.0,0.2272304,-0.95684946,0.8288426,-0.9687275,-0.8678825,-1.3080508,0.29797703,0.028682398,2.054527,15.7
124,-0.3970135,-0.48789483,1.5721788,0.0,0.59867895,-0.84287685,0.9857722,-0.95394355,-0.63796175,0.17083068,1.2689383,0.3885324,0.63627845,16.2
125,-0.38942105,-0.48789483,1.5721788,0.0,0.59867895,0.20852175,1.0865527,-0.9424396,-0.63796175,0.17083068,1.2689383,0.44105175,0.3827682,18.0
126,-0.32575116,-0.48789483,1.5721788,0.0,0.59867895,-0.92265743,0.9389811,-0.8628628,-0.63796175,0.17083068,1.2689383,0.44105175,0.7982432,14.3
127,-0.38774514,-0.48789483,1.5721788,0.0,0.59867895,0.24698746,1.090152,-0.7969767,-0.63796175,0.17083068,1.2689383,0.42065823,-0.01017258,19.2
128,-0.29004666,-0.48789483,1.5721788,0.0,0.59867895,0.058932573,1.0469602,-0.7244829,-0.63796175,0.17083068,1.2689383,0.44105175,-0.058057863,19.6
129,-0.35910848,-0.48789483,1.5721788,0.0,0.59867895,0.12446687,1.0541589,-0.69767207,-0.63796175,0.17083068,1.2689383,0.318909,-0.21861437,23.0
130,-0.38891816,-0.48789483,1.5721788,0.0,0.59867895,-0.65909564,0.9641764,-0.629932,-0.63796175,0.17083068,1.2689383,0.35103446,0.3320661,18.4
131,-0.31487793,-0.48789483,1.5721788,0.0,0.59867895,-0.75169855,1.0721555,-0.6888302,-0.63796175,0.17083068,1.2689383,-1.0297071,0.653179,15.6
132,-0.36280504,-0.48789483,1.5721788,0.0,0.59867895,0.07175425,1.0649567,-0.8006846,-0.63796175,0.17083068,1.2689383,0.41660145,0.6038853,18.1
133,-0.38974065,-0.48789483,1.5721788,0.0,0.59867895,-0.48813677,0.8957896,-0.86904263,-0.63796175,0.17083068,1.2689383,0.23656654,0.595435,17.4
134,-0.3863396,-0.48789483,1.5721788,0.0,0.59867895,0.24128857,1.0721555,-0.92470837,-0.63796175,0.17083068,1.2689383,0.4101322,0.270097,17.1
135,-0.39808455,-0.48789483,1.5721788,0.0,0.59867895,-0.6092328,1.0052084,-1.0108453,-0.63796175,0.17083068,1.2689383,0.38776514,1.2179434,13.3
136,-0.364324,-0.48789483,1.5721788,0.0,0.59867895,-0.19038296,1.0541589,-1.0107977,-0.63796175,0.17083068,1.2689383,0.44105175,0.81514376,17.8
137,-0.39337647,-0.48789483,1.5721788,0.0,0.59867895,-0.15761615,0.89938885,-1.0377986,-0.63796175,0.17083068,1.2689383,0.34434605,1.6179262,14.0
138,-0.24013665,-0.48789483,1.5721788,0.0,0.59867895,-1.8030965,1.1297443,-1.1197999,-0.63796175,0.17083068,1.2689383,0.44105175,3.0615258,14.4
139,-0.15968159,-0.48789483,1.2346774,0.0,2.7323463,-1.5651788,0.90658766,-1.0769216,-0.52300143,-0.031104928,-1.7364179,0.0034641726,2.2038164,17.8
140,-0.11351974,-0.48789483,1.2346774,0.0,2.7323463,-0.9796437,0.9461799,-1.0787755,-0.52300143,-0.031104928,-1.7364179,-0.052892458,1.2362527,15.4
141,-0.23693383,-0.48789483,1.2346774,0.0,2.7323463,-0.23169778,0.17232998,-1.0348989,-0.52300143,-0.031104928,-1.7364179,0.17681065,0.20108593,21.5
142,-0.2552941,-0.48789483,1.2346774,0.0,2.7323463,-1.2546033,1.1297443,-1.0474486,-0.52300143,-0.031104928,-1.7364179,-0.16527714,0.08559785,19.6
143,-0.29764828,-0.48789483,1.2346774,0.0,2.7323463,-1.8130691,0.697828,-1.0386068,-0.52300143,-0.031104928,-1.7364179,-0.1468571,-0.07777537,15.3
144,-0.2865368,-0.09855699,1.2346774,0.0,0.43455073,0.93794644,1.0361625,-0.9116357,-0.52300143,-0.031104928,-1.7364179,0.07407467,-1.138293,41.3
145,-0.27287543,-0.48789483,1.2346774,0.0,0.43455073,-0.311479,1.1297443,-0.9686799,-0.52300143,-0.031104928,-1.7364179,-0.030525072,-0.87914926,24.3
146,-0.26346162,-0.48789483,1.2346774,0.0,2.7323463,0.32106978,1.1297443,-0.96459186,-0.52300143,-0.031104928,-1.7364179,0.08372336,-0.74394387,23.3
147,-0.16983427,-0.48789483,1.2346774,0.0,0.43455073,-0.6135065,0.8346016,-0.65270215,-0.52300143,-0.031104928,-1.7364179,0.42142546,-0.14537802,22.7
148,-0.09175156,-0.48789483,1.2346774,0.0,0.43455073,-0.26161617,0.87779313,-0.7185883,-0.52300143,-0.031104928,-1.7364179,-1.2775017,-0.4031134,25.0
149,-0.2204751,-0.48789483,1.2346774,0.0,0.43455073,-0.5807397,0.38108933,-0.6508482,-0.52300143,-0.031104928,-1.7364179,-1.4151044,-0.074958526,23.8
150,-0.16318573,-0.48789483,1.2346774,0.0,0.43455073,0.048959326,0.9893714,-0.80577105,-0.52300143,-0.031104928,-1.7364179,-0.6533008,-0.22143108,23.8
151,-0.14610271,-0.48789483,1.2346774,0.0,0.43455073,0.16720626,0.95697767,-0.7285235,-0.52300143,-0.031104928,-1.7364179,-0.2920251,-0.1904466,22.3
152,-0.28838798,-0.48789483,1.2346774,0.0,0.43455073,-0.5835888,0.9353819,-0.6508482,-0.52300143,-0.031104928,-1.7364179,-0.70592964,0.24756278,17.4
153,-0.16163929,-0.48789483,1.2346774,0.0,0.43455073,-0.5764653,1.0325632,-0.66853195,-0.52300143,-0.031104928,-1.7364179,-0.09367988,-0.0904509,19.1
154,-0.4107608,-0.48789483,-1.0343261,0.0,-0.38609084,-1.0152603,0.71582454,-0.5699403,-0.52300143,-0.66660815,-0.857929,0.44105175,0.28418082,23.1
155,-0.41618595,-0.48789483,-1.0343261,0.0,-0.38609084,0.18715139,-0.23151174,-0.54607683,-0.52300143,-0.66660815,-0.857929,0.42570174,-0.5115595,23.6
156,-0.4170233,-0.48789483,-1.0343261,0.0,-0.38609084,-0.606383,0.0031626252,-0.5196463,-0.52300143,-0.66660815,-0.857929,0.40081275,-0.427056,22.6
157,-0.41906577,-0.48789483,-1.0343261,0.0,-0.38609084,0.37235716,-1.2781888,-0.3150475,-0.52300143,-0.66660815,-0.857929,0.37592345,-1.0340722,29.4
158,-0.41865566,-0.48789483,-1.0343261,0.0,-0.38609084,-0.3770133,-0.77068716,-0.114156485,-0.52300143,-0.66660815,-0.857929,0.40081275,-0.36086178,23.2
159,-0.42048505,-0.48789483,-1.0343261,0.0,-0.38609084,0.043261103,0.17232998,-0.22700903,-0.52300143,-0.66660815,-0.857929,0.42679822,-0.8988667,24.6
160,-0.41909093,-0.48789483,-1.0343261,0.0,-0.38609084,0.8197002,0.208323,-0.4182026,-0.52300143,-0.66660815,-0.857929,0.37932238,-0.81013817,29.9
161,-0.42007837,-0.48789483,-1.2666323,0.0,-0.57613397,0.99065906,-0.3675653,-0.4592269,-0.7529221,-1.2783543,-0.30309463,0.44105175,-1.0749155,37.2
162,-0.4191528,-0.48789483,-1.2666323,0.0,-0.57613397,2.109016,0.52866095,-0.5010594,-0.7529221,-1.2783543,-0.30309463,0.42635956,-0.7200012,39.8
163,-0.41880915,-0.48789483,-1.2666323,0.0,-0.57613397,-0.20035553,-0.23079187,-0.56908476,-0.7529221,-1.2783543,-0.30309463,0.44105175,-0.45381552,36.2
164,-0.41627184,-0.48789483,-1.2666323,0.0,-0.57613397,1.2399746,0.8489986,-0.5202643,-0.7529221,-1.2783543,-0.30309463,0.41057086,-1.1059,37.9
165,-0.41829893,-0.48789483,-1.2666323,0.0,-0.57613397,0.39657664,0.9713749,-0.4506703,-0.7529221,-1.2783543,-0.30309463,0.44105175,-0.9847785,32.5
166,-0.4171825,-0.48789483,-1.2666323,0.0,-0.57613397,-0.96967113,0.76261556,-0.38369074,-0.7529221,-1.2783543,-0.30309463,0.37636212,0.18418512,26.4
167,-0.4197725,-0.48789483,-1.2666323,0.0,-0.57613397,-0.18753386,0.006762147,-0.24497801,-0.7529221,-1.2783543,-0.30309463,0.3337106,0.067288764,29.6
168,-0.42028227,0.29078084,-1.2666323,0.0,-0.57613397,2.2030432,-0.5403319,-0.2832453,-0.7529221,-1.2783543,-0.30309463,0.39423406,-1.1580105,50.0
169,-0.41767853,1.4587944,-1.1234499,0.0,-1.0166887,0.7085767,-0.9902447,-0.0030627013,-0.52300143,-0.060801342,-1.5052366,0.40782976,-0.84393954,32.0
170,-0.41229004,1.4587944,-1.1234499,0.0,-1.0166887,0.38660407,-1.4221609,0.36682203,-0.52300143,-0.060801342,-1.5052366,0.28689292,-1.1425182,29.8
171,-0.41711152,1.4587944,-1.1234499,0.0,-1.0166887,1.282714,-1.0694292,0.36682203,-0.52300143,-0.060801342,-1.5052366,0.44105175,-1.0256219,34.9
172,-0.41631192,1.4587944,-1.1234499,0.0,-1.0166887,0.9493442,-1.6957078,1.2762508,-0.52300143,-0.060801342,-1.5052366,0.23031677,-1.0664651,37.0
173,-0.41787943,1.4587944,-1.1234499,0.0,-1.0166887,0.64731604,-1.3609728,1.2762508,-0.52300143,-0.060801342,-1.5052366,0.362218,-1.1242092,30.5
174,-0.41896677,1.4587944,-1.1234499,0.0,-1.0166887,1.2727414,-1.5229414,1.2762508,-0.52300143,-0.060801342,-1.5052366,0.3707702,-1.3805361,36.4
175,-0.42419422,2.1076908,-1.1979631,0.0,-1.3276688,0.73422074,-1.5567747,1.1525598,-0.9828428,-0.85072595,-1.3202914,0.4023476,-1.0763239,31.1
176,-0.42505106,2.1076908,-1.1979631,0.0,-1.3276688,0.4549875,-1.792889,1.1525598,-0.9828428,-0.85072595,-1.3202914,0.21957192,-1.1678692,29.1
177,-0.42275316,3.0810354,-1.3294573,0.0,-1.2067322,-0.1747115,-1.0874257,1.1765183,-0.8678825,-0.35776547,-1.7364179,0.40673327,-0.7383103,24.1
178,-0.41107237,-0.48789483,-0.07880239,0.0,-0.56749576,-0.56079453,-1.6669134,0.07147519,-0.63796175,-0.7794545,0.06679583,0.44105175,-0.2538241,22.6
179,-0.40038815,-0.48789483,-0.07880239,0.0,-0.56749576,0.058932573,-0.57992417,0.2661388,-0.63796175,-0.7794545,0.06679583,0.41879413,-0.23974016,24.4
180,-0.39783368,-0.48789483,-0.07880239,0.0,-0.56749576,-0.71465737,0.1471347,0.2661388,-0.63796175,-0.7794545,0.06679583,0.359148,-0.38114247,22.5
181,-0.41113538,-0.48789483,-0.07880239,1.0,-0.56749576,-0.3143281,-0.3423703,0.2111387,-0.63796175,-0.7794545,0.06679583,0.2702272,0.2799557,24.4
182,-0.37678832,-0.48789483,-0.07880239,1.0,-0.56749576,-1.3400828,1.1297443,0.038009208,-0.63796175,-0.7794545,0.06679583,0.44105175,1.4672285,20.0
183,-0.40671483,-0.48789483,-0.07880239,1.0,-0.56749576,-0.46249273,0.8453993,0.039007477,-0.63796175,-0.7794545,0.06679583,0.4010319,0.6475456,21.7
184,-0.38365337,-0.48789483,-0.07880239,1.0,-0.56749576,-1.2546033,0.7194238,-0.061818328,-0.63796175,-0.7794545,0.06679583,0.42285088,1.5925751,19.3
185,-0.40182006,-0.48789483,-0.07880239,1.0,-0.56749576,-0.68046534,-0.53313327,-0.067712866,-0.63796175,-0.7794545,0.06679583,0.3757043,0.47290522,22.4
186,-0.4106027,-0.48789483,-0.07880239,0.0,-0.56749576,0.12874053,-1.3069832,0.07147519,-0.63796175,-0.7794545,0.06679583,0.31945705,-0.4636742,28.1
187,-0.3935311,-0.48789483,-0.07880239,0.0,-0.56749576,-1.2432054,-2.116826,-0.098659374,-0.63796175,-0.7794545,0.06679583,-0.08490853,2.3770483,23.7
188,-0.40401602,-0.48789483,-0.07880239,0.0,-0.56749576,-0.14621834,-0.215675,0.07147519,-0.63796175,-0.7794545,0.06679583,0.40519843,-0.45099866,25.0
189,-0.42147592,-0.48789483,0.4033426,1.0,-0.04055746,-0.5650682,-0.45394862,-0.32464996,-0.52300143,-0.78539383,-0.95040184,0.39609784,0.11799089,23.3
190,-0.41866595,-0.48789483,0.4033426,0.0,-0.04055746,0.5091247,0.5934482,-0.17776088,-0.52300143,-0.78539383,-0.95040184,0.39587867,-0.42001417,28.7
191,-0.41401976,-0.48789483,0.4033426,1.0,-0.04055746,-0.4753144,0.90658766,-0.43056208,-0.52300143,-0.78539383,-0.95040184,0.44105175,0.73909086,21.5
192,-0.41361198,-0.48789483,0.11405555,1.0,-0.04055746,0.12589143,0.85619736,-0.20523714,-0.52300143,-0.78539383,-0.95040184,0.40640435,-0.30593452,23.0
193,-0.38567978,-0.48789483,-0.7202014,1.0,-0.41200548,0.9493442,0.71582454,-0.4436823,-0.17812037,-0.6012761,-0.4880394,0.38403732,-0.41719735,26.7
194,-0.37999573,-0.48789483,-0.7202014,1.0,-0.41200548,-0.17186238,0.8166051,-0.35512102,-0.17812037,-0.6012761,-0.4880394,0.42285088,1.2376608,21.7
195,-0.35526988,-0.48789483,-0.7202014,1.0,-0.41200548,0.84676874,0.3270998,-0.24859086,-0.17812037,-0.6012761,-0.4880394,0.36967403,-0.3862127,27.5
196,-0.35628477,-0.48789483,-0.7202014,0.0,-0.41200548,0.47493264,0.43867838,-0.24859086,-0.17812037,-0.6012761,-0.4880394,0.44105175,-0.7143676,30.1
197,-0.390578,-0.48789483,-0.7202014,0.0,-0.43792066,2.8227696,0.34869584,-0.4281378,-0.17812037,-0.6012761,-0.4880394,0.31112406,-1.2016705,44.8
198,-0.38292482,-0.48789483,-0.7202014,0.0,-0.43792066,2.500797,0.64383847,-0.2754017,-0.17812037,-0.6012761,-0.4880394,0.3366712,-0.83126396,37.6
199,-0.3794608,-0.48789483,-0.7202014,0.0,-0.43792066,1.2513717,0.4062846,-0.2754017,-0.17812037,-0.6012761,-0.4880394,0.1689163,-0.889008,31.6
200,-0.39254138,-0.48789483,-0.7202014,0.0,-0.43792066,1.9964678,-1.8576764,-0.19962788,-0.17812037,-0.6012761,-0.4880394,0.22845303,-0.87576914,46.7
201,-0.37801677,-0.48789483,-0.7202014,0.0,-0.43792066,0.38090518,-1.6993071,-0.19962788,-0.17812037,-0.6012761,-0.4880394,0.25948203,-1.2551894,31.5
202,-0.3651854,-0.48789483,-0.7202014,0.0,-0.43792066,-0.43257505,-0.018433131,-0.058728427,-0.17812037,-0.6012761,-0.4880394,0.23766305,-0.14396974,24.3
203,-0.3736668,-0.48789483,-0.7202014,0.0,-0.43792066,1.6061118,0.29830554,-0.058728427,-0.17812037,-0.6012761,-0.4880394,0.21343191,-1.0453392,31.7
204,-0.36079925,-0.48789483,-0.7202014,0.0,-0.41200548,2.9239206,0.16873074,0.020610644,-0.17812037,-0.6012761,-0.4880394,0.32055357,-1.4368716,41.7
205,-0.38872913,-0.48789483,-0.7202014,0.0,-0.41200548,2.795701,-0.035709627,-0.06804562,-0.17812037,-0.6012761,-0.4880394,0.24424173,-1.22843,48.3
206,-0.37539077,-0.48789483,-0.7202014,1.0,-0.41200548,0.6287955,-0.07602191,-0.06804562,-0.17812037,-0.6012761,-0.4880394,0.038660005,-0.65099007,29.0
207,-0.38884598,-0.48789483,-0.7202014,0.0,-0.41200548,-0.28298587,-0.25598702,-0.06804562,-0.17812037,-0.6012761,-0.4880394,0.22012001,-0.2524157,24.0
208,-0.36623815,-0.48789483,-0.7202014,1.0,-0.41200548,0.4934532,0.28390828,0.16778487,-0.17812037,-0.6012761,-0.4880394,0.34840313,-0.44113997,25.1
209,-0.3680687,-0.48789483,-0.7202014,0.0,-0.41200548,1.5291797,0.10754244,0.16778487,-0.17812037,-0.6012761,-0.4880394,0.36616534,-1.1185756,31.5
210,-0.41725585,0.29078084,-0.90575415,0.0,-1.0944338,0.27975428,-1.8036869,1.1384412,-0.40804106,-0.64285105,-0.857929,0.24928524,-0.889008,23.7
211,-0.41610116,0.809898,-0.90575415,0.0,-1.0944338,0.4578366,-0.95065224,1.1384412,-0.40804106,-0.64285105,-0.857929,0.29719943,-0.7467606,23.3
212,-0.41372192,0.809898,-0.90575415,0.0,-1.0944338,0.8724121,-0.5151368,1.2079402,-0.40804106,-0.64285105,-0.857929,0.3791032,-0.1819962,22.0
213,-0.4057329,0.809898,-0.90575415,0.0,-1.0944338,-0.27016416,-0.12641218,1.2079402,-0.40804106,-0.64285105,-0.857929,0.41605303,-0.038340487,20.1
214,-0.4149121,0.809898,-0.90575415,0.0,-1.0944338,0.10452106,-0.5655269,1.5404134,-0.40804106,-0.64285105,-0.857929,0.17626257,-0.20453042,22.2
215,-0.41208616,0.809898,-0.90575415,0.0,-1.0944338,0.15438457,-2.1888123,1.5404134,-0.40804106,-0.64285105,-0.857929,0.19775262,-1.0537896,23.7
216,-0.4030927,0.4638199,-0.7698769,0.0,-1.0685189,-0.9853426,0.28390828,1.9774675,-0.29308072,-0.46467257,0.29797703,0.17341173,-0.024256533,17.6
217,-0.40478235,0.4638199,-0.7698769,0.0,-1.0685189,-0.9682466,0.057152156,1.9774675,-0.29308072,-0.46467257,0.29797703,0.35585883,0.81514376,18.5
218,-0.3877715,0.4638199,-0.7698769,0.0,-1.0685189,-0.2516436,-1.2134013,2.0252898,-0.29308072,-0.46467257,0.29797703,0.36737126,-0.49465883,24.3
219,-0.4041821,0.4638199,-0.7698769,0.0,-1.0685189,-0.08353384,0.38108933,2.0252898,-0.29308072,-0.46467257,0.29797703,0.21343191,-0.35522825,20.5
220,-0.40786836,0.4638199,-0.7698769,0.0,-1.0685189,0.21137087,-0.7023005,1.9164302,-0.29308072,-0.46467257,0.29797703,0.19775262,-0.4439567,24.5
221,-0.40485108,0.4638199,-0.7698769,0.0,-1.0685189,0.6173984,-1.8396798,1.9164302,-0.29308072,-0.46467257,0.29797703,0.40640435,-0.8608402,26.2
222,-0.4106279,0.4638199,-0.7698769,0.0,-1.0685189,0.2883023,-2.0016484,1.7121166,-0.29308072,-0.46467257,0.29797703,0.43425393,-0.95379394,24.4
223,-0.40217516,0.4638199,-0.7698769,0.0,-1.0685189,0.21849433,-2.1492198,1.7121166,-0.29308072,-0.46467257,0.29797703,0.22362868,-1.279132,24.8
224,-0.41728216,0.4638199,-0.7698769,0.0,-1.0685189,0.9578915,-2.224805,2.429924,-0.29308072,-0.46467257,0.29797703,0.32252708,-1.2875824,29.6
225,-0.35147935,0.37730038,-1.0460144,0.0,0.79736054,0.7940561,1.1297443,-0.8482215,-0.52300143,-0.85666525,-2.5224338,0.3865589,-0.8129549,30.1
226,-0.36482915,0.37730038,-1.0460144,0.0,0.79736054,1.308358,0.4746714,-0.8000191,-0.52300143,-0.85666525,-2.5224338,0.39609784,-0.434098,33.8
227,-0.36551532,0.37730038,-1.0460144,0.0,0.79736054,1.7599746,0.7482183,-0.7868513,-0.52300143,-0.85666525,-2.5224338,0.3475258,-0.76225287,43.1
228,-0.33216488,0.37730038,-1.0460144,0.0,0.79736054,1.4850157,0.93178266,-0.8158488,-0.52300143,-0.85666525,-2.5224338,0.40289602,-0.20030528,31.0
229,-0.36368823,0.37730038,-1.0460144,0.0,0.79736054,1.3126316,0.82740283,-0.88653624,-0.52300143,-0.85666525,-2.5224338,0.34226313,-0.6439481,36.5
230,-0.33945492,0.37730038,-1.0460144,0.0,0.79736054,-1.0323564,-0.2091961,-0.85972536,-0.52300143,-0.85666525,-2.5224338,0.39171216,-0.3129765,22.8
231,-0.3366965,0.37730038,-1.0460144,0.0,0.79736054,1.0390973,0.5754517,-0.79013133,-0.52300143,-0.85666525,-2.5224338,0.3003792,0.29826477,30.7
232,-0.41631538,0.37730038,-0.6091619,1.0,-0.783454,-0.51947904,-0.25598702,0.058212403,-0.7529221,-1.1001759,0.06679583,0.38008997,0.13770826,20.7
233,-0.39243028,0.37730038,-0.6091619,0.0,-0.783454,-0.6106574,-0.95425165,0.30136365,-0.7529221,-1.1001759,0.06679583,0.3505958,0.046162967,21.1
234,-0.40812954,0.37730038,-0.6091619,0.0,-0.783454,-0.0635887,-1.8828715,0.30136365,-0.7529221,-1.1001759,0.06679583,0.44105175,-0.6861998,25.2
235,-0.41357186,0.37730038,-0.6091619,0.0,-0.783454,0.36096004,-0.35676745,0.058212403,-0.7529221,-1.1001759,0.06679583,0.41978088,-0.6960586,24.4
236,-0.41569793,1.2424957,-0.6895194,0.0,-0.93030554,0.81115216,-0.9290565,0.22449657,-0.63796175,-0.91605806,-0.39556658,0.44105175,-1.3650438,32.0
237,-0.41756055,1.2424957,-0.6895194,0.0,-0.93030554,0.28117883,-1.3141818,0.16412453,-0.63796175,-0.91605806,-0.39556658,0.44105175,-0.7721116,29.1
238,-0.40260014,0.37730038,-1.1395214,0.0,-0.9657227,0.7513161,-1.3105824,0.14529997,-0.52300143,-1.1417508,-1.6439455,0.44105175,-1.1016749,35.1
239,-0.4226008,0.37730038,-1.1395214,0.0,-0.9657227,2.1873724,-0.14800794,0.42766917,-0.52300143,-1.1417508,-1.6439455,0.3359036,-1.2551894,45.4
240,-0.4224553,0.37730038,-1.1395214,0.0,-0.9657227,0.973563,-0.85491085,0.68912226,-0.52300143,-1.1417508,-1.6439455,0.3898484,-1.138293,35.4
241,-0.42544395,1.891392,-1.2973143,0.0,-1.4313287,0.239864,-1.3213804,1.6696187,-0.9828428,-0.64285105,-1.4590002,0.41714954,-0.62563914,22.0
242,-0.42226514,1.7832426,-0.8487733,0.0,-1.2931154,-0.107752636,-1.3429762,1.6743249,-0.40804106,-0.684426,-0.857929,0.44105175,-0.7791536,23.2
243,-0.41756675,1.7832426,-0.8487733,0.0,-1.2931154,0.043261103,-0.8282761,1.6743249,-0.40804106,-0.684426,-0.857929,0.44105175,-0.7143676,22.3
244,-0.4217772,1.7832426,-0.8487733,0.0,-1.2931154,0.39942577,-1.6453176,1.6743249,-0.40804106,-0.684426,-0.857929,0.1649693,-0.4453651,24.8
245,-0.42268786,2.972886,-0.90283203,0.0,-1.2412853,0.82112473,-1.4653524,0.62827516,-0.63796175,-0.9695116,0.34421346,0.44105175,-1.3157501,28.5
246,-0.41766593,2.972886,-0.90283203,0.0,-1.2412853,1.2300013,-1.472551,0.62827516,-0.63796175,-0.9695116,0.34421346,0.44105175,-1.2833571,37.3
247,-0.42255843,2.972886,-1.0547807,0.0,-1.2412853,0.49202865,-1.627321,0.62827516,-0.63796175,-0.9695116,0.34421346,0.44105175,-1.1228007,27.9
248,-0.4172318,-0.48789483,0.40772572,0.0,-1.0166887,-0.22457501,-1.8072861,0.81176746,-0.63796175,-0.70818317,-1.1353467,0.44105175,-0.57634544,23.9
249,-0.41730738,-0.48789483,0.40772572,0.0,-1.0166887,-0.39268476,-0.947053,0.81176746,-0.63796175,-0.70818317,-1.1353467,0.44105175,-0.3200185,21.7
250,-0.41188568,-0.48789483,0.40772572,0.0,-1.0166887,0.56041205,-1.3501749,1.0293441,-0.63796175,-0.70818317,-1.1353467,0.44105175,-0.9016835,28.6
251,-0.42054576,-0.48789483,0.40772572,0.0,-1.0166887,0.37663084,-0.6339137,1.0293441,-0.63796175,-0.70818317,-1.1353467,0.39664626,-0.74394387,27.1
252,-0.41054428,-0.48789483,-0.16558847,0.0,-1.0166887,-0.7046848,-0.38196257,1.2002869,-0.63796175,-0.70818317,-1.1353467,0.44105175,0.44614574,20.3
253,-0.42163974,2.5402884,-1.2987753,0.0,-1.3363069,0.83537096,-0.76348853,1.9170481,-0.52300143,-0.29837266,-1.6901814,0.37482694,-0.9298513,24.8
254,-0.42264774,0.9656331,-0.7362728,0.0,-1.0512421,0.43504235,-1.0154396,0.8065386,-0.29308072,-0.47061184,-1.0891103,0.4284428,-0.44677353,22.0
255,-0.4060683,0.98293704,-0.7362728,0.0,-1.0512421,0.29969943,-1.8072861,0.8065386,-0.29308072,-0.47061184,-1.0891103,0.29533535,-0.5636699,26.4
256,-0.41524434,1.5712698,-0.7362728,0.0,-1.0512421,0.99350816,-1.8324813,0.8065386,-0.29308072,-0.47061184,-1.0891103,0.37011236,-1.1002665,33.1
257,-0.42038193,0.9396773,-1.3075416,0.0,-0.71434724,1.3553717,-0.9902447,0.10788839,-0.29308072,-1.1061151,-0.025677003,0.40574652,-0.80872977,36.1
258,-0.42042318,0.9396773,-1.0281898,0.0,-0.71434724,0.4720835,-0.37836334,-0.20205227,-0.29308072,-1.1061151,-0.025677003,0.40223783,-0.52705175,28.4
259,-0.41810465,0.9396773,-1.3075416,0.0,-0.71434724,1.6175089,0.118340455,-0.33078215,-0.29308072,-1.1061151,-0.025677003,0.44105175,-0.8735157,33.4
260,-0.42104977,0.9396773,-1.3075416,0.0,-0.71434724,0.8040287,0.060751677,-0.29108888,-0.29308072,-1.1061151,-0.025677003,0.44105175,-0.72422636,28.2
261,-0.37022796,-0.48789483,-0.1796146,0.0,-0.09238728,0.49915212,0.4998664,-0.22700903,-0.63796175,-0.6190939,-0.025677003,0.44105175,-1.145335,22.8
262,-0.38667524,-0.48789483,-0.1796146,0.0,-0.09238728,-0.44539672,0.2911068,-0.32921347,-0.63796175,-0.6190939,-0.025677003,0.43381524,-0.38057917,20.3
263,-0.1248019,-0.48789483,-0.1796146,0.0,-0.09238728,-1.8686308,-1.1090215,-0.60640126,-0.63796175,-0.6190939,-0.025677003,-0.06824249,-0.0045390255,16.1
264,-0.33615696,-0.48789483,-0.1796146,0.0,-0.09238728,-0.23169778,-0.5691263,-0.54892904,-0.63796175,-0.6190939,-0.025677003,0.44105175,-0.9425268,22.1
265,-0.39672253,-0.48789483,-0.1796146,0.0,-0.09238728,-0.37273964,0.78421134,-0.45685,-0.63796175,-0.6190939,-0.025677003,0.4344731,-0.13411091,19.4
266,-0.39584163,-0.48789483,-0.1796146,0.0,-0.09238728,-0.026547544,0.5106644,-0.2530118,-0.63796175,-0.6190939,-0.025677003,0.4025671,-0.6721159,21.6
267,-0.38440713,-0.48789483,-0.1796146,0.0,-0.09238728,0.40227488,0.672633,-0.09162399,-0.63796175,-0.6190939,-0.025677003,0.42778498,-0.47775814,23.8
268,-0.39765382,-0.48789483,-0.1796146,0.0,-0.09238728,-0.82578087,0.3270998,0.07128502,-0.63796175,-0.6190939,-0.025677003,0.43578908,-0.16509554,16.2
269,-0.3902412,-0.48789483,-0.1796146,0.0,-0.09238728,-0.52802706,0.0046023787,0.09676483,-0.63796175,-0.6190939,-0.025677003,0.37307295,0.7968348,17.8
270,-0.3986092,-0.48789483,-0.1796146,0.0,-0.09238728,-0.7160819,0.11114168,0.11249961,-0.63796175,-0.6190939,-0.025677003,0.44105175,0.46022958,19.8
271,-0.38064754,-0.48789483,-0.1796146,0.0,-0.09238728,0.1387131,-0.050826903,-0.124804705,-0.63796175,-0.6190939,-0.025677003,0.42252198,-0.32565203,23.1
272,-0.37223375,-0.48789483,-0.1796146,0.0,-0.09238728,-0.24452014,-0.3531682,0.09833364,-0.63796175,-0.6190939,-0.025677003,0.43370584,0.008136372,21.0
273,-0.40750065,-0.48789483,-0.547798,0.0,-0.53294235,0.2013983,-0.5871228,0.35431984,-0.52300143,-0.7200617,0.52915823,0.44105175,-0.77070326,23.8
274,-0.40589806,-0.48789483,-0.547798,0.0,-0.53294235,0.1301651,-0.5151368,0.35431984,-0.52300143,-0.7200617,0.52915823,0.44105175,-0.8171801,23.1
275,-0.38647592,-0.48789483,-0.547798,0.0,-0.53294235,-0.3470956,-0.67350596,0.44021896,-0.52300143,-0.7200617,0.52915823,0.44105175,-0.70028377,20.4
276,-0.39417604,-0.48789483,-0.547798,0.0,-0.53294235,-0.8215065,0.20472376,0.44021896,-0.52300143,-0.7200617,0.52915823,0.37778753,-0.1312942,18.5
277,-0.38762715,-0.48789483,-0.547798,0.0,-0.53294235,0.18572684,-1.0262377,0.44021896,-0.52300143,-0.7200617,0.52915823,0.44105175,-0.92280936,25.0
278,-0.40472165,-0.48789483,-0.547798,0.0,-0.53294235,0.20852175,-1.9404603,0.7705056,-0.52300143,-0.7200617,0.52915823,0.40574652,-1.0692819,24.6
279,-0.3919366,-0.48789483,-0.547798,0.0,-0.53294235,0.038986757,-1.4293594,0.7705056,-0.52300143,-0.7200617,0.52915823,0.44105175,-0.91858417,23.0
280,-0.39908916,-0.48789483,-0.547798,0.0,-0.53294235,-0.28725952,-0.8966627,0.7705056,-0.52300143,-0.7200617,0.52915823,0.44105175,0.016586771,22.2
281,-0.4191196,-0.48789483,-1.1526709,0.0,-0.8180072,-0.59356135,-1.5409378,0.67481375,-0.63796175,0.12925571,-0.71922064,0.28250724,-0.38057917,19.3
282,-0.41899702,-0.48789483,-1.1526709,0.0,-0.8180072,0.06890514,-1.8504777,0.67481375,-0.63796175,0.12925571,-0.71922064,0.2032348,-0.75098574,22.6
283,-0.42149425,0.03122229,-1.1526709,0.0,-0.8180072,-0.20035553,-1.3105824,0.98808193,-0.63796175,0.12925571,-0.71922064,0.13043164,-0.5045175,19.8
284,-0.42094553,1.0261968,-0.740656,0.0,-1.0089142,-0.8243563,-1.4473559,1.3527375,-0.9828428,-0.6190939,-0.71922064,0.40947437,-0.03411522,17.1
285,-0.42272907,-0.22833627,-0.740656,0.0,-1.0089142,-0.36134183,-1.6309204,1.3527375,-0.9828428,-0.6190939,-0.71922064,0.061136805,-0.68197465,19.4
286,-0.42087683,-0.48789483,-0.8677669,0.0,-0.34289923,0.044685658,-1.0982237,1.2660778,-0.52300143,-1.0942365,0.8065759,0.362218,-0.9847785,22.2
287,-0.42241752,-0.48789483,-0.8677669,0.0,-0.34289923,0.036137648,-1.0838264,1.2660778,-0.52300143,-1.0942365,0.8065759,0.35881907,-0.83408076,20.7
288,-0.4221621,-0.48789483,-0.8677669,0.0,-0.34289923,-0.3527938,-1.2277986,1.0411807,-0.52300143,-1.0942365,0.8065759,0.44105175,-0.6566236,21.1
289,-0.42277378,-0.48789483,-0.8677669,0.0,-0.34289923,-0.5921368,-0.8030809,0.6826573,-0.52300143,-1.0942365,0.8065759,0.44105175,-0.4045218,19.5
290,-0.42321593,-0.48789483,-0.8677669,0.0,-0.34289923,-0.5550956,-0.3243738,0.8651514,-0.52300143,-1.0942365,0.8065759,0.4181363,-0.29748413,18.5
291,-0.42291236,-0.48789483,-0.8677669,0.0,-0.34289923,-0.32145157,-1.1270181,0.4835252,-0.52300143,-1.0942365,0.8065759,0.43271908,-0.5862041,20.6
292,-0.42040256,-0.48789483,-0.8677669,0.0,-0.34289923,-0.42687613,-0.83547455,0.4835252,-0.52300143,-1.0942365,0.8065759,0.44105175,-0.4129722,19.0
293,-0.4196534,-0.48789483,-0.8677669,0.0,-0.34289923,-0.4510956,-0.36396608,0.4835252,-0.52300143,-1.0942365,0.8065759,0.44105175,-0.47634974,18.7
294,-0.42520913,1.0261968,-1.4039705,0.0,-0.97349715,1.3624952,-0.69510186,1.5415542,-0.9828428,-0.7378796,-1.3665278,0.4173687,-1.0115379,32.7
295,-0.42383796,-0.48789483,-1.3499119,0.0,-0.31698406,0.36380917,-0.3207744,1.1750447,-0.9828428,0.081741445,-1.181583,0.3649591,-0.5664867,16.5
296,-0.4237864,1.891392,-1.0737743,0.0,-0.6106873,0.5860561,-0.43955135,0.9208172,-0.52300143,-0.22710125,-0.39556658,0.44105175,-0.77352005,23.9
297,-0.42320678,1.891392,-1.2187101,0.0,-0.6106873,0.8396453,-1.458154,1.2694055,-0.52300143,-0.22710125,-0.39556658,0.34314013,-1.1354762,31.2
298,-0.42313346,-0.48789483,-0.9846506,0.0,-0.97349715,-0.38556132,-0.72389627,2.005372,-0.7529221,-0.33400834,0.15926778,0.3175933,-0.3017094,17.5
299,-0.4196408,-0.48789483,-0.9846506,0.0,-0.97349715,-0.55082196,-0.5871228,2.005372,-0.7529221,-0.33400834,0.15926778,0.08701253,-0.00031389308,17.2
300,-0.42455736,3.189185,-1.0197157,0.0,-1.0857955,0.3296171,-1.472551,2.253372,-0.63796175,-0.33994764,-0.2568582,0.39204106,-0.889008,23.1
301,-0.42498,2.972886,-1.3323793,0.0,-1.0339655,0.49915212,-1.400565,2.1624336,-0.63796175,-0.76163673,-0.6729842,0.3757043,-0.9411185,24.5
302,-0.4233786,1.2424957,-1.4434189,0.0,-1.0857955,0.9322482,-1.2277986,2.3754466,-0.9828428,-0.43497616,0.5753947,0.36375317,-0.7211278,26.6
303,-0.41958466,1.6231815,-1.4434189,0.0,-1.0857955,0.29257596,-0.8714676,2.3754466,-0.9828428,-0.43497616,0.5753947,0.44105175,-0.79436415,22.9
304,0.061438996,-0.48789483,1.0184427,0.0,1.8598748,-0.2459447,0.4566749,-0.6112975,1.6612452,1.5309265,0.8065759,0.37351128,-0.00031389308,22.6
305,0.09358323,-0.48789483,1.0184427,0.0,1.8598748,0.16150735,0.697828,-0.6069717,1.6612452,1.5309265,0.8065759,0.19610803,-0.68760824,25.0
306,0.012815402,-0.48789483,1.0184427,0.0,1.8598748,-0.047917232,0.80940634,-0.7128363,1.6612452,1.5309265,0.8065759,-0.06604982,0.21376131,19.9
307,-0.0053547057,-0.48789483,1.0184427,0.0,1.8598748,-1.3144387,0.99297065,-0.8040597,1.6612452,1.5309265,0.8065759,0.2644161,-0.34959468,20.8
308,0.09518121,-0.48789483,1.0184427,0.0,1.4106817,-3.8802488,0.69422877,-1.0371807,1.6612452,1.5309265,0.8065759,-0.021643968,-0.7819704,27.5
309,-0.0032091693,-0.48789483,1.0184427,0.0,1.4106817,-1.8828777,0.8202043,-0.9710568,1.6612452,1.5309265,0.8065759,-0.44563586,0.18700196,21.9
310,0.8457474,-0.48789483,1.0184427,0.0,0.9787652,-1.9640828,1.1297443,-1.2458677,1.6612452,1.5309265,0.8065759,0.44105175,3.112228,13.8
311,1.8195477,-0.48789483,1.0184427,0.0,1.0046804,1.4650706,1.0541589,-1.1783177,1.6612452,1.5309265,0.8065759,0.44105175,0.108132064,15.0
312,1.3245603,-0.48789483,1.0184427,0.0,1.0046804,0.51909727,0.8885911,-1.1647223,1.6612452,1.5309265,0.8065759,0.06957924,1.4472296,13.9
313,0.69859374,-0.48789483,1.0184427,0.0,1.0046804,0.7256727,1.0865527,-1.1584948,1.6612452,1.5309265,0.8065759,0.44105175,1.2066762,13.3
314,2.2822313,-0.48789483,1.0184427,0.0,1.0046804,0.13586399,0.99297065,-1.145137,1.6612452,1.5309265,0.8065759,0.44105175,1.551732,13.1
315,1.6199535,-0.48789483,1.0184427,0.0,1.0046804,-0.0878075,1.1297443,-1.145137,1.6612452,1.5309265,0.8065759,0.40640435,1.2827295,10.2
316,1.391733,-0.48789483,1.0184427,0.0,1.0046804,0.3709326,1.0973505,-1.0818653,1.6612452,1.5309265,0.8065759,0.44105175,1.1841421,10.9
317,0.62568533,-0.48789483,1.0184427,0.0,1.2551918,-1.0665483,1.1297443,-1.0527728,1.6612452,1.5309265,0.8065759,0.44105175,1.5390564,11.3
318,0.4888492,-0.48789483,1.0184427,0.0,1.2551918,-1.0893426,1.1297443,-1.0752578,1.6612452,1.5309265,0.8065759,0.44105175,1.5556751,12.3
319,1.4991134,-0.48789483,1.0184427,0.0,1.2551918,-1.4355347,1.0613575,-1.1261222,1.6612452,1.5309265,0.8065759,0.44105175,2.5545056,7.2
320,2.367641,-0.48789483,1.0184427,0.0,1.2551918,-2.3259463,1.1297443,-1.1065845,1.6612452,1.5309265,0.8065759,0.44105175,2.198183,10.5
321,2.1618268,-0.48789483,1.0184427,0.0,1.2551918,-1.830165,0.7518175,-1.0822457,1.6612452,1.5309265,0.8065759,0.44105175,2.7206957,7.4
322,1.2152439,-0.48789483,1.0184427,0.0,1.2551918,-2.001124,1.1297443,-1.048447,1.6612452,1.5309265,0.8065759,0.17812666,2.5277464,10.2
323,0.50709265,-0.48789483,1.0184427,0.0,1.2551918,-1.2745484,1.090152,-0.98256075,1.6612452,1.5309265,0.8065759,0.44105175,1.1517491,11.5
324,0.37082362,-0.48789483,1.0184427,0.0,1.2551918,-0.81438375,1.0217652,-0.88824755,1.6612452,1.5309265,0.8065759,0.41396978,0.6250113,15.1
325,0.17962608,-0.48789483,1.0184427,0.0,1.2551918,-0.3328487,0.4998664,-0.773541,1.6612452,1.5309265,0.8065759,0.23799196,0.85739565,23.2
326,0.89956355,-0.48789483,1.0184427,0.0,1.2551918,-1.7788777,1.0217652,-0.96264285,1.6612452,1.5309265,0.8065759,0.44105175,1.8320016,9.7
327,0.903549,-0.48789483,1.0184427,0.0,1.1947237,-0.13054755,0.86339587,-0.952565,1.6612452,1.5309265,0.8065759,0.44105175,0.3517836,13.8
328,0.8729269,-0.48789483,1.0184427,0.0,1.1947237,-0.56649274,0.9389811,-0.9568909,1.6612452,1.5309265,0.8065759,0.44105175,0.51797366,12.7
329,0.57181525,-0.48789483,1.0184427,0.0,1.1947237,0.26550806,1.0865527,-0.9837016,1.6612452,1.5309265,0.8065759,0.3871073,0.6264198,13.1
330,0.24595127,-0.48789483,1.0184427,0.0,1.1947237,0.1714806,0.9857722,-1.0069472,1.6612452,1.5309265,0.8065759,0.44105175,0.9433075,12.5
331,0.4521401,-0.48789483,1.0184427,0.0,1.1947237,-0.7659448,1.090152,-1.0275782,1.6612452,1.5309265,0.8065759,0.39938733,1.0207689,8.5
332,3.9665475,-0.48789483,1.0184427,0.0,1.1947237,-1.1847947,1.1297443,-1.0959363,1.6612452,1.5309265,0.8065759,0.44105175,2.523521,5.0
333,0.7092538,-0.48789483,1.0184427,0.0,1.1947237,-0.6163556,0.33069932,-1.0908024,1.6612452,1.5309265,0.8065759,-0.20299456,2.4362009,6.3
334,2.442363,-0.48789483,1.0184427,0.0,1.1947237,-0.42402703,1.1297443,-1.0487797,1.6612452,1.5309265,0.8065759,0.44105175,1.9855161,5.6
335,1.2040752,-0.48789483,1.0184427,0.0,1.1947237,0.08315137,1.1297443,-1.0557677,1.6612452,1.5309265,0.8065759,0.44105175,1.0771044,7.2
336,0.6725012,-0.48789483,1.0184427,0.0,1.1947237,0.17005536,1.1297443,-1.024916,1.6612452,1.5309265,0.8065759,0.21310265,1.075696,12.1
337,2.4143667,-0.48789483,1.0184427,0.0,1.1947237,-1.3329593,0.9857722,-0.9945876,1.6612452,1.5309265,0.8065759,0.44105175,0.9996431,8.3
338,4.330523,-0.48789483,1.0184427,0.0,1.1947237,-1.0736711,0.6042462,-1.0399379,1.6612452,1.5309265,0.8065759,-0.2983846,2.0714276,8.5
339,1.9463673,-0.48789483,1.0184427,0.0,0.90102017,-3.0582209,1.1297443,-1.2440139,1.6612452,1.5309265,0.8065759,0.14852276,1.5024382,11.9
340,0.94231415,-0.48789483,1.0184427,0.0,0.90102017,-0.9639729,1.1297443,-1.1931018,1.6612452,1.5309265,0.8065759,-0.2695483,0.57656276,27.9
341,0.4214255,-0.48789483,1.0184427,0.0,0.36544394,-0.95115054,1.0541589,-1.1125267,1.6612452,1.5309265,0.8065759,-0.46087614,1.9334055,17.2
342,1.6829063,-0.48789483,1.0184427,0.0,0.36544394,0.80830306,1.1297443,-1.1073927,1.6612452,1.5309265,0.8065759,-1.9441347,1.0010514,27.5
343,1.1828259,-0.48789483,1.0184427,0.0,0.36544394,0.5304944,1.1297443,-1.0779198,1.6612452,1.5309265,0.8065759,-3.5264015,1.2038594,17.2
344,2.8558586,-0.48789483,1.0184427,0.0,0.36544394,-1.6093427,1.1297443,-1.0484945,1.6612452,1.5309265,0.8065759,-1.5975513,1.0433031,16.3
345,1.6449143,-0.48789483,1.0184427,0.0,1.0737871,0.21279542,1.1297443,-0.93188643,1.6612452,1.5309265,0.8065759,-3.6119235,2.3066287,7.2
346,0.8143718,-0.48789483,1.0184427,0.0,1.0737871,0.7085767,0.7986086,-0.93911207,1.6612452,1.5309265,0.8065759,-3.6742008,1.8474939,7.5
347,2.544829,-0.48789483,1.0184427,0.0,1.0737871,-1.397069,0.73742026,-1.0208755,1.6612452,1.5309265,0.8065759,-2.5142813,1.9672068,10.4
348,0.9264144,-0.48789483,1.0184427,0.0,1.4106817,0.7684121,0.28390828,-0.951234,1.6612452,1.5309265,0.8065759,-3.3794787,1.4179348,8.4
349,0.8433762,-0.48789483,1.0184427,0.0,1.4106817,0.18002793,1.1297443,-0.9203825,1.6612452,1.5309265,0.8065759,-0.4158128,0.3306578,16.7
350,0.37774712,-0.48789483,1.0184427,0.0,1.4106817,-0.39695844,0.9605772,-0.91291916,1.6612452,1.5309265,0.8065759,-0.40232652,0.42642823,14.2
351,0.95343703,-0.48789483,1.0184427,0.0,0.5122957,-0.9069866,0.68343073,-0.8765059,1.6612452,1.5309265,0.8065759,-0.7140435,0.20108593,20.8
352,0.380935,-0.48789483,1.0184427,0.0,0.5122957,-0.25876638,0.5934482,-0.84294486,1.6612452,1.5309265,0.8065759,-3.8830721,1.4953964,13.4
353,0.580449,-0.48789483,1.0184427,0.0,0.25314558,-1.0252329,0.071549416,-0.823122,1.6612452,1.5309265,0.8065759,-3.8706822,0.6320532,11.7
354,1.3901179,-0.48789483,1.0184427,0.0,1.0737871,-0.55367106,0.9641764,-0.89628124,1.6612452,1.5309265,0.8065759,-3.826496,1.6503191,8.3
355,0.41721225,-0.48789483,1.0184427,0.0,1.0737871,-0.13054755,0.34149706,-0.8839217,1.6612452,1.5309265,0.8065759,-2.8501196,1.2461113,11.0
356,0.6430822,-0.48789483,1.0184427,0.0,1.0737871,0.13586399,0.697828,-0.86842465,1.6612452,1.5309265,0.8065759,-3.2449462,1.606659,9.5
357,1.4816712,-0.48789483,1.0184427,0.0,0.25314558,0.090274826,0.6294412,-0.82825595,1.6612452,1.5309265,0.8065759,-2.9957266,0.69965583,14.5
358,0.72594965,-0.48789483,1.0184427,0.0,0.25314558,0.78123444,0.92458415,-0.8113803,1.6612452,1.5309265,0.8065759,-3.018971,0.98837596,14.1
359,0.3114746,-0.48789483,1.0184427,0.0,0.25314558,0.19997375,0.22272027,-0.7580439,1.6612452,1.5309265,0.8065759,-2.8367434,-0.0904509,16.1
360,0.21261916,-0.48789483,1.0184427,0.0,1.3674902,0.21564454,0.69422877,-0.7031864,1.6612452,1.5309265,0.8065759,-2.812183,0.49966446,14.3
361,1.167098,-0.48789483,1.0184427,0.0,1.3674902,-0.10917719,0.94977915,-0.7476809,1.6612452,1.5309265,0.8065759,-2.8073587,0.3517836,11.7
362,0.85173845,-0.48789483,1.0184427,0.0,1.6007252,0.4906041,0.9353819,-0.79402936,1.6612452,1.5309265,0.8065759,-2.7062674,1.4925796,13.4
363,1.2252214,-0.48789483,1.0184427,0.0,1.6007252,0.25126114,0.8885911,-0.852072,1.6612452,1.5309265,0.8065759,-3.609292,0.7573998,9.6
364,1.311868,-0.48789483,1.0184427,0.0,1.6007252,-0.1889584,1.1297443,-0.8940946,1.6612452,1.5309265,0.8065759,-3.808514,1.9404476,8.7
365,1.1401441,-0.48789483,1.0184427,0.0,1.6007252,-0.49810934,0.69422877,-0.9385891,1.6612452,1.5309265,0.8065759,-3.1547098,3.0065987,8.4
366,0.64900905,-0.48789483,1.0184427,0.0,1.6007252,-0.9369043,0.9101869,-0.9402054,1.6612452,1.5309265,0.8065759,0.44105175,1.4376521,12.8
367,2.0992818,-0.48789483,1.0184427,0.0,1.6007252,-0.66479456,0.85619736,-0.9169123,1.6612452,1.5309265,0.8065759,0.38129622,1.3325863,10.5
368,0.68721765,-0.48789483,1.0184427,0.0,1.6007252,0.17290515,1.0289637,-0.8223614,1.6612452,1.5309265,0.8065759,0.32110167,0.68585366,17.1
369,0.22239037,-0.48789483,1.0184427,0.0,1.6007252,-0.0935064,1.1297443,-0.8510261,1.6612452,1.5309265,0.8065759,0.42778498,0.551775,18.4
370,0.7149803,-0.48789483,1.0184427,0.0,1.6007252,0.28545317,1.1297443,-0.8635759,1.6612452,1.5309265,0.8065759,0.32954443,0.8700712,15.4
371,1.0398202,-0.48789483,1.0184427,0.0,1.6007252,-0.6135065,1.007368,-0.90293646,1.6612452,1.5309265,0.8065759,-1.2735546,1.5658159,10.8
372,0.7957687,-0.48789483,1.0184427,0.0,1.6007252,0.24841203,0.94258064,-0.8590599,1.6612452,1.5309265,0.8065759,-3.438577,1.5925751,11.8
373,0.2936069,-0.48789483,1.0184427,0.0,1.6007252,0.08030226,1.0001694,-0.8190813,1.6612452,1.5309265,0.8065759,-0.42392632,0.7207819,14.9
374,0.71020466,-0.48789483,1.0184427,0.0,1.6007252,-0.047917232,1.007368,-0.75918484,1.6612452,1.5309265,0.8065759,0.3491704,0.5306492,12.6
375,0.6419596,-0.48789483,1.0184427,0.0,1.3674902,-0.14194468,1.0829532,-0.72895133,1.6612452,1.5309265,0.8065759,0.44105175,0.7686669,14.1
376,0.4354145,-0.48789483,1.0184427,0.0,1.3674902,0.18857594,1.0685562,-0.76536465,1.6612452,1.5309265,0.8065759,-0.57523465,0.93485695,13.0
377,0.34282386,-0.48789483,1.0184427,0.0,1.3674902,0.661563,0.86339587,-0.69947845,1.6612452,1.5309265,0.8065759,-3.9071934,0.6714882,13.4
378,0.19659002,-0.48789483,1.0184427,0.0,1.3674902,0.52764523,0.8108461,-0.68445677,1.6612452,1.5309265,0.8065759,-0.015175036,0.71233135,15.2
379,0.15638593,-0.48789483,1.0184427,0.0,1.3674902,0.01761707,0.8346016,-0.67827696,1.6612452,1.5309265,0.8065759,0.31156272,0.6475456,16.1
380,0.51812965,-0.48789483,1.0184427,0.0,1.3674902,1.5790431,1.1045493,-0.6381084,1.6612452,1.5309265,0.8065759,0.21047132,0.5729008,17.8
381,0.6630989,-0.48789483,1.0184427,0.0,1.3674902,0.63164526,0.9173854,-0.6174773,1.6612452,1.5309265,0.8065759,-3.8374603,0.85035354,14.9
382,0.11769051,-0.48789483,1.0184427,0.0,1.3674902,0.34243947,0.64383847,-0.646142,1.6612452,1.5309265,0.8065759,-3.3523967,0.7686669,14.1
383,0.1081209,-0.48789483,1.0184427,0.0,1.3674902,-0.4396985,0.69422877,-0.5773086,1.6612452,1.5309265,0.8065759,-3.7957954,0.89260536,12.7
384,0.51268727,-0.48789483,1.0184427,0.0,1.3674902,-0.4966848,0.42068186,-0.48290026,1.6612452,1.5309265,0.8065759,-3.8723269,0.6010687,13.5
385,0.4613283,-0.48789483,1.0184427,0.0,1.3674902,0.02331597,0.5430579,-0.4810464,1.6612452,1.5309265,0.8065759,-0.9260941,0.5010729,14.9
386,0.35238314,-0.48789483,1.0184427,0.0,1.3674902,-0.2901093,0.5682532,-0.5122306,1.6612452,1.5309265,0.8065759,0.44105175,0.28558925,20.0
387,1.4368991,-0.48789483,1.0184427,0.0,1.3674902,0.5931796,0.7698141,-0.56927484,1.6612452,1.5309265,0.8065759,-1.1122689,0.5278323,16.4
388,-0.0036490425,-0.48789483,1.0184427,0.0,1.3674902,0.1301651,0.71222526,-0.58372605,1.6612452,1.5309265,0.8065759,0.38107672,0.27854726,17.7
389,0.33563003,-0.48789483,1.0184427,0.0,1.3674902,0.046110217,0.5178629,-0.5041968,1.6612452,1.5309265,0.8065759,0.44105175,0.18559355,19.5
390,0.2401206,-0.48789483,1.0184427,0.0,1.3674902,0.32534346,0.7662148,-0.47225204,1.6612452,1.5309265,0.8065759,0.4072817,-0.33551073,20.2
391,0.47130457,-0.48789483,1.0184427,0.0,0.8664668,-0.107752636,-0.115614176,-0.39533734,1.6612452,1.5309265,0.8065759,0.44105175,0.07714758,21.4
392,1.2879432,-0.48789483,1.0184427,0.0,0.8664668,-0.74884945,-0.7346941,-0.34632677,1.6612452,1.5309265,0.8065759,-0.24422064,0.20531105,19.9
393,0.005729278,-0.48789483,1.0184427,0.0,0.8664668,-0.47388986,0.57905096,-0.4390237,1.6612452,1.5309265,0.8065759,-3.6693764,0.63064474,19.0
394,0.079878286,-0.48789483,1.0184427,0.0,0.25314558,-0.40123278,0.93178266,-0.596466,1.6612452,1.5309265,0.8065759,-0.27831966,1.2179434,19.1
395,1.3575166,-0.48789483,1.0184427,0.0,0.21859218,-0.510931,0.08594668,-0.42148256,1.6612452,1.5309265,0.8065759,0.13229539,0.7686669,19.1
396,1.0710697,-0.48789483,1.0184427,0.0,0.21859218,-0.81438375,-0.42875347,-0.4617464,1.6612452,1.5309265,0.8065759,0.44105175,0.29403964,20.1
397,0.07145995,-0.48789483,1.0184427,0.0,0.21859218,-0.16758871,0.55385596,-0.3620614,1.6612452,1.5309265,0.8065759,0.44105175,0.5095234,19.9
398,0.03590553,-0.48789483,1.0184427,0.0,-0.19604746,-0.07925949,0.7950091,-0.33073467,1.6612452,1.5309265,0.8065759,0.42383763,0.02785388,19.6
399,-0.01790265,-0.48789483,1.0184427,0.0,0.21859218,0.21706909,0.22991876,-0.42713943,1.6612452,1.5309265,0.8065759,0.4023476,0.23770396,23.2
400,0.10560768,-0.48789483,1.0184427,0.0,0.5122957,0.99065906,-0.03642964,-0.59998363,1.6612452,1.5309265,0.8065759,0.1974237,0.096301645,29.8
401,0.49610144,-0.48789483,1.0184427,0.0,0.25314558,-1.2218357,0.9641764,-0.64899427,1.6612452,1.5309265,0.8065759,-0.04488869,0.7700753,13.8
402,0.3056405,-0.48789483,1.0184427,0.0,0.25314558,-0.1747115,1.0361625,-0.7553818,1.6612452,1.5309265,0.8065759,-0.59113276,1.609476,13.3
403,0.13132669,-0.48789483,1.0184427,0.0,0.5122957,0.28402862,0.89938885,-0.70817775,1.6612452,1.5309265,0.8065759,0.43348634,0.8461285,16.7
404,1.29425,-0.48789483,1.0184427,0.0,0.5122957,-1.397069,1.0325632,-0.8054383,1.6612452,1.5309265,0.8065759,-0.07887793,1.7235554,12.0
405,0.74550354,-0.48789483,1.0184427,0.0,0.5122957,-0.14194468,1.0109671,-0.77225745,1.6612452,1.5309265,0.8065759,0.252465,0.75458324,14.6
406,1.2152439,-0.48789483,1.0184427,0.0,0.5122957,-0.07925949,0.697828,-0.8765059,1.6612452,1.5309265,0.8065759,0.29215592,0.06165521,21.4
407,0.24044822,-0.48789483,1.0184427,0.0,-0.19604746,-0.06073891,-0.14080945,-0.17628717,1.6612452,1.5309265,0.8065759,0.44105175,-0.2721332,23.0
408,0.22717977,-0.48789483,1.0184427,0.0,-0.19604746,0.66298753,0.2263195,-0.2202588,1.6612452,1.5309265,0.8065759,0.39905843,-0.69465023,23.7
409,0.22981218,-0.48789483,1.0184427,0.0,-0.19604746,1.1060562,0.3019048,-0.18275224,1.6612452,1.5309265,0.8065759,0.42328957,-0.7974626,25.0
410,-0.103850454,-0.48789483,1.0184427,0.0,-0.19604746,-0.7445751,-1.019039,0.14415912,1.6612452,1.5309265,0.8065759,0.39741382,-0.31720164,21.8
411,-0.15423125,-0.48789483,1.0184427,0.0,0.24450736,-0.5892877,-0.96145016,-0.03377154,1.6612452,1.5309265,0.8065759,0.1541147,0.09404825,20.6
412,-0.0058759116,-0.48789483,1.0184427,0.0,0.24450736,0.038986757,-0.60151994,0.09348475,1.6612452,1.5309265,0.8065759,0.3502669,-0.29466742,21.2
413,0.22529769,-0.48789483,1.0184427,0.0,0.24450736,-0.24309559,0.40268537,-0.11843472,1.6612452,1.5309265,0.8065759,0.39478216,0.32502413,19.1
414,0.12723264,-0.48789483,1.0184427,0.0,0.24450736,-0.54084873,-0.55472904,-0.3055401,1.6612452,1.5309265,0.8065759,0.34588122,-0.17213751,20.6
415,-0.40941823,-0.48789483,2.4268904,0.0,0.4691041,-1.1833701,0.8669951,-0.9384465,-0.63796175,1.7981942,0.76033944,0.4212063,0.75880826,15.2
416,-0.41458678,-0.48789483,2.4268904,0.0,0.4691041,-0.42972592,1.0865527,-0.91600907,-0.63796175,1.7981942,0.76033944,0.36660367,0.76021665,13.6
417,-0.41394758,-0.48789483,2.4268904,0.0,0.4691041,-0.42972592,0.5358594,-0.80106485,-0.63796175,1.7981942,0.76033944,0.44105175,0.09545667,20.1
418,-0.40684655,-0.48789483,-0.21029657,0.0,0.26178378,-0.82293177,-0.52593464,-0.6718595,-0.40804106,-0.10237632,0.34421346,0.44105175,-0.09326761,21.8
419,-0.39467433,-0.48789483,-0.21029657,0.0,0.26178378,-0.510931,-0.93625516,-0.6718595,-0.40804106,-0.10237632,0.34421346,0.44105175,0.12925799,24.5
420,-0.40619594,-0.48789483,-0.21029657,0.0,0.26178378,-0.8756437,-1.4329587,-0.47367814,-0.40804106,-0.10237632,0.34421346,0.4014706,0.6940224,23.1
421,-0.39352542,-0.48789483,-0.21029657,0.0,0.26178378,-1.2745484,0.15433347,-0.47367814,-0.40804106,-0.10237632,0.34421346,0.44105175,1.1925924,19.7
422,-0.3959562,-0.48789483,-0.21029657,0.0,0.26178378,-0.69898593,0.071549416,-0.4289459,-0.40804106,-0.10237632,0.34421346,0.44105175,0.20108593,18.3
423,-0.39930794,-0.48789483,-0.21029657,0.0,0.26178378,-0.37843785,-0.119213425,-0.6588344,-0.40804106,-0.10237632,0.34421346,0.44105175,0.034895856,21.2
424,-0.4063288,-0.48789483,-0.21029657,0.0,0.26178378,-1.0195347,0.17592923,-0.6632078,-0.40804106,-0.10237632,0.34421346,0.428662,0.3419249,17.5
425,-0.40099642,-0.48789483,-0.21029657,0.0,0.26178378,-0.36704072,0.39908585,-0.61647904,-0.40804106,-0.10237632,0.34421346,0.44105175,0.23347883,16.8
426,-0.41952512,-0.48789483,0.116977714,0.0,0.15812415,0.43931603,0.017559888,-0.62579626,-0.9828428,-0.8032117,1.1764655,0.38721672,-0.4636742,22.4
427,-0.4215137,-0.48789483,0.116977714,0.0,0.15812415,-0.23454757,0.2911068,-0.71663934,-0.9828428,-0.8032117,1.1764655,0.44105175,-0.50592595,20.6
428,-0.4197393,-0.48789483,0.116977714,0.0,0.15812415,0.98496014,0.80580705,-0.77368355,-0.9828428,-0.8032117,1.1764655,0.44105175,-0.9904121,23.9
429,-0.41414577,-0.48789483,0.116977714,0.0,0.15812415,0.7256727,0.7446191,-0.6684368,-0.9828428,-0.8032117,1.1764655,0.40322492,-0.8721073,22.0
430,-0.42126858,-0.48789483,0.116977714,0.0,0.15812415,-0.36276639,0.5804907,-0.61324644,-0.9828428,-0.8032117,1.1764655,0.44105175,-0.6749327,11.9
